bib,filename
b23614560,b23614560_1.tif
b23614596,b23614596_1.tif
b23614614,b23614614_1.tif
b23614663,b23614663_1.tif
b23614699,b23614699_1.tif
b23614766,b23614766_1.tif
b23614791,b23614791_1.tif
b24323871,n
b24323871,b24323871_1.tif
b24323871,b24323871_2.tif
b25840265,b25840265_1.tif
b26409124,b26409124_1.tif
b29429821,b29429821_1.tif
b32148306,b32148306_1.tif
b33021004,b33021004_1.tif
b33022161,n
b33022161,b33022161_1.tif
b33022161,b33022161_2.tif
b33022549,n
b33022549,b33022549_1.tif
b33022549,b33022549_2.tif
b33814508,b33814508_1.tif
b33844483,b33844483_1.tif
b34074600,b34074600_1.tif
b34074739,n
b34074739,b34074739_1.tif
b34074739,b34074739_2.tif
b34077121,b34077121_1.tif
b34079208,n
b34079208,b34079208_1.tif
b34079208,b34079208_2.tif
b34079567,n
b34079567,b34079567_1.tif
b34079567,b34079567_2.tif
b34079725,b34079725_1.tif
b34079993,n
b34079993,b34079993_1.tif
b34079993,b34079993_2.tif
b34080132,n
b34080132,b34080132_1.tif
b34080132,b34080132_2.tif
b34088052,n
b34088052,b34088052_1.tif
b34088052,b34088052_2.tif
b34088465,b34088465_1.tif
b34089408,b34089408_1.tif
b34096279,n
b34096279,b34096279_1.tif
b34096279,b34096279_2.tif
b35323954,b35323954_1.tif
b35352942,b35352942_1.tif
b35353053,b35353053_1.tif
b35353922,n
b35353922,b35353922_1.tif
b35353922,b35353922_2.tif
b35354033,n
b35354033,b35354033_1.tif
b35354033,b35354033_2.tif
b35354288,n
b35354288,b35354288_1.tif
b35354288,b35354288_2.tif
b35354811,n
b35354811,b35354811_1.tif
b35354811,b35354811_2.tif
b35354963,b35354963_1.tif
b35355062,n
b35355062,b35355062_1.tif
b35355062,b35355062_2.tif
b35370725,b35370725_1.tif
b35381097,b35381097_1.tif
b35382636,n
b35382636,b35382636_1.tif
b35382636,b35382636_2.tif
b35382752,b35382752_1.tif
b35407141,b35407141_1.tif
b3540744x,b3540744x_1.tif
b3540758x,n
b3540758x,b3540758x_1.tif
b3540758x,b3540758x_2.tif
b35407773,b35407773_1.tif
b35409769,n
b35409769,b35409769_1.tif
b35409769,b35409769_2.tif
b35411545,b35411545_1.tif
b35459098,b35459098_1.tif
b35459116,b35459116_1.tif
b35474166,b35474166_1.tif
b3547449x,b3547449x_1.tif
b3547452x,b3547452x_1.tif
b35475274,n
b35475274,b35475274_1.tif
b35475274,b35475274_2.tif
b35476709,b35476709_1.tif
b3547760x,n
b3547760x,b3547760x_1.tif
b3547760x,b3547760x_2.tif
b35481328,n
b35481328,b35481328_1.tif
b35481328,b35481328_2.tif
b35484287,n
b35484287,b35484287_1.tif
b35484287,b35484287_2.tif
b35484676,b35484676_1.tif
b35484718,b35484718_1.tif
b35485140,b35485140_1.tif
b35485486,b35485486_1.tif
b35485590,n
b35485590,b35485590_1.tif
b35485590,b35485590_2.tif
b35485723,n
b35485723,b35485723_1.tif
b35485723,b35485723_2.tif
b35485814,n
b35485814,b35485814_1.tif
b35485814,b35485814_2.tif
b35485887,n
b35485887,b35485887_1.tif
b35485887,b35485887_2.tif
b3549444x,n
b3549444x,b3549444x_1.tif
b3549444x,b3549444x_2.tif
b35498808,n
b35498808,b35498808_1.tif
b35498808,b35498808_2.tif
b35498833,b35498833_1.tif
b35500529,b35500529_1.tif
b35500839,n
b35500839,b35500839_1.tif
b35500839,b35500839_2.tif
b35501613,b35501613_1.tif
b35509247,b35509247_1.tif
b3551100x,b3551100x_1.tif
b3551274x,b3551274x_1.tif
b35513172,n
b35513172,b35513172_1.tif
b35513172,b35513172_2.tif
b35513366,b35513366_1.tif
b35513597,b35513597_1.tif
b35514048,n
b35514048,b35514048_1.tif
b35514048,b35514048_2.tif
b35514954,b35514954_1.tif
b35515971,b35515971_1.tif
b35517311,n
b35517311,b35517311_1.tif
b35517311,b35517311_2.tif
b35517323,n
b35517323,b35517323_1.tif
b35517323,b35517323_2.tif
b35517529,n
b35517529,b35517529_1.tif
b35517529,b35517529_2.tif
b35519332,b35519332_1.tif
b35519551,b35519551_1.tif
b35519952,b35519952_1.tif
b35561440,b35561440_1.tif
b35562560,b35562560_1.tif
b35562730,b35562730_1.tif
b35563370,b35563370_1.tif
b35564258,n
b35564258,b35564258_1.tif
b35564258,b35564258_2.tif
b35566668,b35566668_1.tif
b35567004,n
b35567004,b35567004_1.tif
b35567004,b35567004_2.tif
b35567028,n
b35567028,b35567028_1.tif
b35567028,b35567028_2.tif
b35567521,n
b35567521,b35567521_1.tif
b35567521,b35567521_2.tif
b35568409,b35568409_1.tif
b35568549,b35568549_1.tif
b35571196,b35571196_1.tif
b35571275,b35571275_1.tif
b35571378,b35571378_1.tif
b35571652,b35571652_1.tif
b35572620,b35572620_1.tif
b35572784,b35572784_1.tif
b35572930,b35572930_1.tif
b35573314,b35573314_1.tif
b35573740,b35573740_1.tif
b35574987,n
b35574987,b35574987_1.tif
b35574987,b35574987_2.tif
b35575542,n
b35575542,b35575542_1.tif
b35575542,b35575542_2.tif
b35575943,n
b35575943,b35575943_1.tif
b35575943,b35575943_2.tif
b35576418,b35576418_1.tif
b35577605,b35577605_1.tif
b35581736,b35581736_1.tif
b35581827,b35581827_1.tif
b35581864,b35581864_1.tif
b35582133,n
b35582133,b35582133_2.tif
b35582133,b35582133_1.tif
b35583149,n
b35583149,b35583149_1.tif
b35583149,b35583149_2.tif
b35583447,n
b35583447,b35583447_1.tif
b35583447,b35583447_2.tif
b35583617,n
b35583617,b35583617_1.tif
b35583617,b35583617_2.tif
b35583769,b35583769_1.tif
b35584099,b35584099_1.tif
b35584294,b35584294_1.tif
b35586436,b35586436_1.tif
b35587222,b35587222_1.tif
b35587349,b35587349_1.tif
b35587647,b35587647_1.tif
b35588913,n
b35588913,b35588913_1.tif
b35588913,b35588913_2.tif
b35589322,b35589322_1.tif
b35589711,n
b35589711,b35589711_1.tif
b35589711,b35589711_2.tif
b35592606,n
b35592606,b35592606_1.tif
b35592606,b35592606_2.tif
b35592813,b35592813_1.tif
b35599911,b35599911_1.tif
b35600160,b35600160_1.tif
b35600408,b35600408_1.tif
b35600706,b35600706_1.tif
b35600895,b35600895_1.tif
b35601176,b35601176_1.tif
b3560122x,b3560122x_1.tif
b35601516,b35601516_1.tif
b3560167x,b3560167x_1.tif
b35604530,b35604530_1.tif
b35605558,b35605558_1.tif
b35608080,b35608080_1.tif
b35608596,b35608596_1.tif
b35608808,b35608808_1.tif
b35847499,b35847499_1.tif
b41034259,n
b41034259,b41034259_1.tif
b41034259,b41034259_2.tif
b48687273,b48687273_1.tif
b57981590,n
b57981590,b57981590_1.tif
b57981590,b57981590_2.tif
b66771638,b66771638_1.tif
b92452383,n
b92452383,b92452383_1.tif
b92452383,b92452383_2.tif
b92452498,n
b92452498,b92452498_1.tif
b92452498,b92452498_2.tif
b92452966,b92452966_1.tif
b92453041,n
b92453041,b92453041_1.tif
b92453041,b92453041_2.tif
b92453156,b92453156_1.tif
b92453582,b92453582_1.tif
b92472801,n
b92472801,b92472801_1.tif
b92472801,b92472801_2.tif
b92474123,b92474123_1.tif
b92477446,b92477446_1.tif
b92477732,b92477732_1.tif
b92477872,b92477872_1.tif
b92477902,b92477902_1.tif
b92478359,n
b92478359,b92478359_1.tif
b92478359,b92478359_2.tif
b92478396,b92478396_1.tif
b92482995,n
b92482995,b92482995_1.tif
b92482995,b92482995_2.tif
b92483458,n
b92483458,b92483458_1.tif
b92483458,b92483458_2.tif
b92483598,n
b92483598,b92483598_1.tif
b92483598,b92483598_2.tif
b92483665,n
b92483665,b92483665_1.tif
b92483665,b92483665_2.tif
b92554064,b92554064_1.tif
b92555330,b92555330_1.tif
b92561950,n
b92561950,b92561950_1.tif
b92561950,b92561950_2.tif
b92561986,b92561986_1.tif
b92575535,n
b92575535,b92575535_1.tif
b92575535,b92575535_2.tif
b92575857,n
b92575857,b92575857_1.tif
b92575857,b92575857_2.tif
b92591590,b92591590_1.tif
b92592533,b92592533_1.tif
b92592892,b92592892_1.tif
b92593343,n
b92593343,b92593343_1.tif
b92593343,b92593343_2.tif
b92645471,b92645471_1.tif
b92645562,b92645562_1.tif
b92645847,b92645847_1.tif
b92671123,n
b92671123,b92671123_1.tif
b92671123,b92671123_2.tif
b92671998,n
b92671998,b92671998_1.tif
b92671998,b92671998_2.tif
b92672322,n
b92672322,b92672322_1.tif
b92672322,b92672322_2.tif
b92674951,n
b92674951,b92674951_1.tif
b92674951,b92674951_2.tif
b92675153,n
b92675153,b92675153_1.tif
b92675153,b92675153_2.tif
b92675323,n
b92675323,b92675323_1.tif
b92675323,b92675323_2.tif
b92696946,n
b92696946,b92696946_1.tif
b92696946,b92696946_2.tif
b9269746x,n
b9269746x,b9269746x_1.tif
b9269746x,b9269746x_2.tif
b92698505,n
b92698505,b92698505_1.tif
b92698505,b92698505_2.tif
b92698645,n
b92698645,b92698645_1.tif
b92698645,b92698645_2.tif
b9270072x,b9270072x_1.tif
b92700871,n
b92700871,b92700871_1.tif
b92700871,b92700871_2.tif
b92700883,b92700883_1.tif
b92700901,n
b92700901,b92700901_1.tif
b92700901,b92700901_2.tif
b92713531,n
b92713531,b92713531_1.tif
b92713531,b92713531_2.tif
b92713543,n
b92713543,b92713543_1.tif
b92713543,b92713543_2.tif
b92713555,b92713555_1.tif
b92725971,n
b92725971,b92725971_1.tif
b92725971,b92725971_2.tif
b92726665,b92726665_1.tif
b92758587,b92758587_1.tif
b9275868x,b9275868x_1.tif
b92796576,b92796576_1.tif
b92820268,b92820268_1.tif
b92820517,b92820517_1.tif
b92820803,b92820803_1.tif
b92820955,b92820955_1.tif
b92821054,n
b92821054,b92821054_1.tif
b92821054,b92821054_2.tif
b92821236,n
b92821236,b92821236_1.tif
b92821236,b92821236_2.tif
b92826428,b92826428_1.tif
b92826544,n
b92826544,b92826544_1.tif
b92826544,b92826544_2.tif
b92826775,b92826775_1.tif
b92847419,b92847419_1.tif
b9284747x,b9284747x_1.tif
b92847559,n
b92847559,b92847559_1.tif
b92847559,b92847559_2.tif
b92848266,n
b92848266,b92848266_1.tif
b92848266,b92848266_2.tif
b92848370,n
b92848370,b92848370_1.tif
b92848370,b92848370_2.tif
b92848473,n
b92848473,b92848473_1.tif
b92848473,b92848473_2.tif
b92849179,b92849179_1.tif
b9285039x,n
b9285039x,b9285039x_1.tif
b9285039x,b9285039x_2.tif
b92850510,b92850510_1.tif
b92860655,n
b92860655,b92860655_1.tif
b92860655,b92860655_2.tif
b92860898,b92860898_1.tif
